epoch,step,train_loss,validation_loss
0,29,,80.76365956574529
1,49,57.509510495723745,
1,59,,77.4061087809769
2,89,,74.75924642532219
3,99,42.88152956674885,
3,119,,72.23017754114085
